car;version;engine;transmission;horsepower;torque;city_fuel_economy;highway_fuel_economy;payload_capacity;ground_clearance;hydraulic_power_steering;electric_power_steering;front_power_windows;rear_power_windows;power_door_locks;power_side_mirrors;infotainment_system;alloy_wheels;airbag;abs;stability_control;traction_control;hill_start_assist;tire_pressure_sensor;twilight_sensor ;steering_wheel_adjustment;air_conditioning;driver_seat_height_adjustment;keyless;rear_parking_sensors;front_parking_sensors;rear_view_camera;fog_lights;led_headlights;cruise_control;leather_seats;leather_steering_wheel;roof_rails;cost;warranty
Fiat Argo 2026;1.0 FIREFLY FLEX DRIVE MANUAL;1;manual;72;10.4;13.6;14.5;300;medium;FALSE;TRUE;TRUE;FALSE;TRUE;FALSE;TRUE;FALSE;2;TRUE;TRUE;TRUE;TRUE;TRUE;FALSE;tilt;manual;TRUE;FALSE;FALSE;FALSE;FALSE;FALSE;FALSE;FALSE;FALSE;FALSE;FALSE;96790;3
Fiat Argo 2026;1.0 FIREFLY FLEX DRIVE MANUAL + PACK DRIVE TOP;1;manual;72;10.4;13.6;14.5;300;medium;FALSE;TRUE;TRUE;TRUE;TRUE;TRUE;TRUE;FALSE;2;TRUE;TRUE;TRUE;TRUE;TRUE;FALSE;tilt;digital;TRUE;TRUE;TRUE;FALSE;FALSE;TRUE;FALSE;FALSE;FALSE;FALSE;FALSE;99090;3
Fiat Argo 2026;1.3 FIREFLY FLEX TREKKING MANUAL;1.3;manual;101;13.2;12.1;13.5;300;high;FALSE;TRUE;TRUE;TRUE;TRUE;TRUE;TRUE;TRUE;2;TRUE;TRUE;TRUE;TRUE;TRUE;FALSE;tilt;manual;TRUE;FALSE;TRUE;FALSE;TRUE;TRUE;TRUE;FALSE;FALSE;FALSE;TRUE;102790;3
Fiat Argo 2026;1.3 FIREFLY FLEX TREKKING MANUAL + Trekking TOP;1.3;manual;101;13.2;12.1;13.5;300;high;FALSE;TRUE;TRUE;TRUE;TRUE;TRUE;TRUE;TRUE;2;TRUE;TRUE;TRUE;TRUE;TRUE;FALSE;tilt;digital;TRUE;TRUE;TRUE;FALSE;TRUE;TRUE;TRUE;FALSE;TRUE;TRUE;TRUE;105880;3
Fiat Argo 2026;1.3 FIREFLY FLEX DRIVE CVT;1.3;automatic;101;13.2;12.8;14.3;300;medium;FALSE;TRUE;TRUE;FALSE;TRUE;FALSE;TRUE;FALSE;2;TRUE;TRUE;TRUE;TRUE;TRUE;FALSE;tilt;manual;TRUE;FALSE;FALSE;FALSE;FALSE;FALSE;TRUE;TRUE;FALSE;FALSE;FALSE;107790;3
Fiat Argo 2026;1.3 FIREFLY FLEX DRIVE CVT + PACK S-DESIGN  ;1.3;automatic;101;13.2;12.8;14.3;300;medium;FALSE;TRUE;TRUE;TRUE;TRUE;TRUE;TRUE;TRUE;2;TRUE;TRUE;TRUE;TRUE;TRUE;FALSE;tilt;digital;TRUE;TRUE;TRUE;FALSE;FALSE;FALSE;TRUE;TRUE;FALSE;TRUE;FALSE;111880;3
Fiat Argo 2026;1.3 FIREFLY FLEX TREKKING CVT;1.3;manual;101;13.2;12.1;13.5;300;high;FALSE;TRUE;TRUE;TRUE;TRUE;TRUE;TRUE;TRUE;2;TRUE;TRUE;TRUE;TRUE;TRUE;FALSE;tilt;manual;TRUE;FALSE;TRUE;FALSE;TRUE;TRUE;TRUE;TRUE;FALSE;FALSE;TRUE;110790;3
Fiat Argo 2026;1.3 FIREFLY FLEX TREKKING CVT + Trekking TOP;1.3;automatic;101;13.2;12.7;13.9;300;high;FALSE;TRUE;TRUE;TRUE;TRUE;TRUE;TRUE;TRUE;2;TRUE;TRUE;TRUE;TRUE;TRUE;FALSE;tilt;digital;TRUE;TRUE;TRUE;FALSE;TRUE;TRUE;TRUE;TRUE;TRUE;TRUE;TRUE;113880;3
Hyundai Hb20 2026;1.0 12V FLEX COMFORT MANUAL;1;manual;75;9.4;13.3;15.4;300;medium;FALSE;TRUE;TRUE;FALSE;TRUE;TRUE;TRUE;FALSE;6;TRUE;TRUE;TRUE;TRUE;FALSE;TRUE;none;manual;TRUE;FALSE;FALSE;FALSE;FALSE;n/a;FALSE;TRUE;FALSE;FALSE;FALSE;95190;5
Hyundai Hb20 2026;1.0 12V FLEX LIMITED MANUAL;1;manual;75;9.4;13.3;15.4;300;medium;FALSE;TRUE;TRUE;TRUE;TRUE;TRUE;TRUE;TRUE;6;TRUE;TRUE;TRUE;TRUE;FALSE;TRUE;tilt and telescopic;manual;TRUE;TRUE;TRUE;FALSE;TRUE;n/a;FALSE;TRUE;FALSE;FALSE;FALSE;99290;5
Hyundai Hb20 2026;1.0 TGDI FLEX LIMITED AUTOMÁTICO;1;automatic;115;17.5;13.2;14.7;300;medium;FALSE;TRUE;TRUE;TRUE;TRUE;TRUE;TRUE;TRUE;6;TRUE;TRUE;TRUE;TRUE;FALSE;TRUE;tilt and telescopic;digital;TRUE;TRUE;TRUE;FALSE;TRUE;n/a;FALSE;TRUE;FALSE;FALSE;FALSE;121490;5
Chevrolet Onix 2026;1.0 FLEX MANUAL;1;manual;80;9.6;13.5;16.3;303;low;FALSE;TRUE;TRUE;TRUE;TRUE;TRUE;TRUE;FALSE;6;TRUE;TRUE;TRUE;TRUE;FALSE;FALSE;tilt;manual;TRUE;FALSE;FALSE;FALSE;FALSE;FALSE;FALSE;FALSE;FALSE;FALSE;FALSE;101790;3
Chevrolet Onix 2026;1.0 FLEX MANUAL + Sensor;1;manual;80;9.6;13.5;16.3;303;low;FALSE;TRUE;TRUE;TRUE;TRUE;TRUE;TRUE;FALSE;6;TRUE;TRUE;TRUE;TRUE;FALSE;FALSE;tilt;manual;TRUE;FALSE;TRUE;FALSE;FALSE;FALSE;FALSE;FALSE;FALSE;FALSE;FALSE;102528;3
Chevrolet Onix 2026;1.0 TURBO FLEX MANUAL;1;manual;115;16.3;13.7;17.7;303;low;FALSE;TRUE;TRUE;TRUE;TRUE;TRUE;TRUE;FALSE;6;TRUE;TRUE;TRUE;TRUE;TRUE;TRUE;tilt;manual;TRUE;TRUE;FALSE;FALSE;FALSE;FALSE;FALSE;FALSE;FALSE;FALSE;FALSE;109990;3
Chevrolet Onix 2026;1.0 TURBO FLEX MANUAL + Sensor;1;manual;115;16.3;13.7;17.7;303;low;FALSE;TRUE;TRUE;TRUE;TRUE;TRUE;TRUE;FALSE;6;TRUE;TRUE;TRUE;TRUE;TRUE;TRUE;tilt;manual;TRUE;TRUE;TRUE;FALSE;FALSE;FALSE;FALSE;FALSE;FALSE;FALSE;FALSE;110728;3
Chevrolet Onix 2026;1.0 TURBO FLEX AUTOMÁTICO;1;automatic;115;16.3;12.1;15.3;303;low;FALSE;TRUE;TRUE;TRUE;TRUE;TRUE;TRUE;FALSE;6;TRUE;TRUE;TRUE;TRUE;TRUE;TRUE;tilt;manual;TRUE;TRUE;FALSE;FALSE;FALSE;FALSE;FALSE;TRUE;FALSE;FALSE;FALSE;114990;3
Chevrolet Onix 2026;1.0 TURBO FLEX AUTOMÁTICO  + Sensor;1;automatic;115;16.3;12.1;15.3;303;low;FALSE;TRUE;TRUE;TRUE;TRUE;TRUE;TRUE;FALSE;6;TRUE;TRUE;TRUE;TRUE;TRUE;TRUE;tilt;manual;TRUE;TRUE;TRUE;FALSE;FALSE;FALSE;FALSE;TRUE;FALSE;FALSE;FALSE;115728;3
Chevrolet Onix 2026;1.0 TURBO FLEX LT AUTOMÁTICO;1;automatic;115;16.3;12.1;15.3;303;low;FALSE;TRUE;TRUE;TRUE;TRUE;TRUE;TRUE;FALSE;6;TRUE;TRUE;TRUE;TRUE;TRUE;TRUE;tilt and telescopic;manual;TRUE;TRUE;FALSE;FALSE;TRUE;FALSE;FALSE;TRUE;FALSE;FALSE;FALSE;120990;3
Chevrolet Onix 2026;1.0 TURBO FLEX LT AUTOMÁTICO  + Sensor;1;automatic;115;16.3;12.1;15.3;303;low;FALSE;TRUE;TRUE;TRUE;TRUE;TRUE;TRUE;FALSE;6;TRUE;TRUE;TRUE;TRUE;TRUE;TRUE;tilt and telescopic;manual;TRUE;TRUE;FALSE;FALSE;TRUE;FALSE;FALSE;TRUE;FALSE;FALSE;FALSE;121728;3
Volkswagen Polo 2026 ;1.0 MPI TRACK MANUAL;1;manual;77;9.6;13.5;15.7;300;medium;FALSE;TRUE;TRUE;FALSE;TRUE;TRUE;FALSE;FALSE;4;TRUE;TRUE;TRUE;TRUE;TRUE;FALSE;tilt and telescopic;manual;TRUE;FALSE;FALSE;FALSE;FALSE;n/a;FALSE;FALSE;FALSE;FALSE;FALSE;95490;3
Volkswagen Polo 2026 ;1.0 MPI TRACK MANUAL + VW Play;1;manual;77;9.6;13.5;15.7;300;medium;FALSE;TRUE;TRUE;FALSE;TRUE;TRUE;TRUE;FALSE;4;TRUE;TRUE;TRUE;TRUE;TRUE;FALSE;tilt and telescopic;manual;TRUE;FALSE;FALSE;FALSE;FALSE;n/a;FALSE;FALSE;FALSE;FALSE;FALSE;97190;3
Volkswagen Polo 2026 ;1.0 170 TSI SENSE AUTOMÁTICO;1;automatic;109;16.8;13.1;16.1;300;low;FALSE;TRUE;TRUE;FALSE;TRUE;TRUE;TRUE;FALSE;4;TRUE;TRUE;TRUE;TRUE;TRUE;FALSE;tilt and telescopic;manual;TRUE;TRUE;TRUE;FALSE;FALSE;n/a;TRUE;TRUE;FALSE;FALSE;FALSE;112990;3
Honda City 2026 ;1.5 I-VTEC FLEX HATCH LX CVT;1.5;automatic;126;15.5;13.2;15;268;low;FALSE;TRUE;TRUE;TRUE;TRUE;TRUE;TRUE;TRUE;6;TRUE;TRUE;TRUE;TRUE;TRUE;FALSE;tilt and telescopic;manual;TRUE;TRUE;FALSE;FALSE;FALSE;FALSE;TRUE;FALSE;FALSE;FALSE;FALSE;117500;5
Peugeot 208 2026 ;1.0 FIREFLY FLEX STYLE MANUAL;1;manual;71;9.8;13.6;15.3;304;medium;FALSE;TRUE;TRUE;TRUE;TRUE;TRUE;TRUE;TRUE;4;TRUE;TRUE;TRUE;TRUE;FALSE;FALSE;tilt and telescopic;digital;TRUE;FALSE;TRUE;FALSE;TRUE;TRUE;TRUE;TRUE;FALSE;FALSE;FALSE;95990;3
Peugeot 208 2026 ;1.0 TURBO 200 FLEX ACTIVE CVT;1;automatic;125;20.4;12.6;14.3;304;medium;FALSE;TRUE;TRUE;TRUE;TRUE;TRUE;TRUE;FALSE;4;TRUE;TRUE;TRUE;TRUE;FALSE;FALSE;tilt and telescopic;digital;TRUE;FALSE;FALSE;FALSE;FALSE;TRUE;FALSE;TRUE;FALSE;FALSE;FALSE;110990;3
Peugeot 208 2026 ;1.0 TURBO 200 FLEX ACTIVE CVT + Sensor;1;automatic;125;20.4;12.6;14.3;304;medium;FALSE;TRUE;TRUE;TRUE;TRUE;TRUE;TRUE;FALSE;4;TRUE;TRUE;TRUE;TRUE;FALSE;FALSE;tilt and telescopic;digital;TRUE;FALSE;TRUE;FALSE;FALSE;TRUE;FALSE;TRUE;FALSE;FALSE;FALSE;111470.42;3
Citroën C3 2026 ;1.0 FIREFLY FLEX LIVE PACK MANUAL;1;manual;71;10;13.2;14.5;315;high;FALSE;TRUE;TRUE;FALSE;TRUE;FALSE;TRUE;FALSE;2;TRUE;TRUE;TRUE;TRUE;TRUE;FALSE;none;manual;TRUE;FALSE;FALSE;FALSE;FALSE;FALSE;FALSE;FALSE;FALSE;FALSE;FALSE;86290;3
Citroën C3 2026 ;1.0 FIREFLY FLEX LIVE PACK MANUAL + Sensor;1;manual;71;10;13.2;14.5;315;high;FALSE;TRUE;TRUE;FALSE;TRUE;FALSE;TRUE;FALSE;2;TRUE;TRUE;TRUE;TRUE;TRUE;FALSE;none;manual;TRUE;FALSE;TRUE;FALSE;FALSE;FALSE;FALSE;FALSE;FALSE;FALSE;FALSE;86813;3
Citroën C3 2026 ;1.0 FIREFLY FLEX FEEL MANUAL;1;manual;71;10;13.2;14.5;315;high;FALSE;TRUE;TRUE;TRUE;TRUE;TRUE;TRUE;TRUE;2;TRUE;TRUE;TRUE;TRUE;TRUE;FALSE;tilt;manual;TRUE;FALSE;FALSE;FALSE;TRUE;FALSE;FALSE;FALSE;FALSE;FALSE;TRUE;88290;3
Citroën C3 2026 ;1.0 FIREFLY FLEX XTR MANUAL;1;manual;71;10;13;14.2;315;high;FALSE;TRUE;TRUE;TRUE;TRUE;TRUE;TRUE;TRUE;2;TRUE;TRUE;TRUE;TRUE;TRUE;FALSE;tilt;digital;TRUE;FALSE;FALSE;FALSE;TRUE;TRUE;FALSE;FALSE;FALSE;FALSE;TRUE;91290;3
Citroën C3 2026 ;1.0 TURBO 200 FLEX YOU CVT;1;automatic;125;20.4;11.5;12.9;315;high;FALSE;TRUE;TRUE;TRUE;TRUE;TRUE;TRUE;TRUE;4;TRUE;TRUE;TRUE;TRUE;TRUE;FALSE;tilt;manual;TRUE;FALSE;TRUE;FALSE;TRUE;TRUE;FALSE;FALSE;TRUE;FALSE;TRUE;110280;3
